normalized_term,selected_source,removed_source,selected_term,removed_term
휴면보험금,금융감독원,재정경제부,휴면보험금,휴면보험금
헤지펀드,한국은행,금융감독원,헤지펀드,헤지펀드
해약환급금,금융감독원,재정경제부,해약환급금,해약환급금
할부금융,금융감독원,재정경제부,할부금융,할부금융
핀테크,한국은행,금융감독원,핀테크,핀테크
p2p대출,한국은행,금융감독원,P2P대출,P2P 대출
프로그램매매,한국은행,금융감독원,프로그램매매,프로그램매매
파생결합증권,금융감독원,재정경제부,파생결합증권,파생결합증권
크라우드펀딩,한국은행,금융감독원,크라우드펀딩,크라우드펀딩
채권추심업무,금융감독원,재정경제부,채권추심업무,채권추심업무
집단대출,한국은행,금융감독원,집단대출,집단대출
주채무계열,금융감독원,재정경제부,주채무계열,주채무계열
주식예탁증서,금융감독원,재정경제부,주식예탁증서,주식예탁증서
종합금융투자사업자,한국은행,금융감독원,종합금융투자사업자,종합금융투자사업자
조기경보시스템,금융감독원,재정경제부,조기경보시스템,조기경보시스템
적기시정조치제도,한국은행,금융감독원,적기시정조치제도,적기시정조치제도
자산유동화,한국은행,금융감독원,자산유동화,자산유동화
자금중개회사,금융감독원,재정경제부,자금중개회사,자금중개회사
인터넷전문은행,금융감독원,재정경제부,인터넷전문은행,인터넷전문은행
유사투자자문업자,금융감독원,재정경제부,유사투자자문업자,유사투자자문업자
유동성커버리지비율,한국은행,금융감독원,유동성커버리지비율,유동성커버리지비율
운영리스크,한국은행,금융감독원,운영리스크,운영리스크
외국환포지션,한국은행,금융감독원,외국환포지션,외국환포지션
완충자본,한국은행,금융감독원,완충자본,완충자본
옵션,한국은행,금융감독원,옵션,옵션
옵션,한국은행,재정경제부,옵션,옵션
영업용순자본비율,금융감독원,재정경제부,영업용순자본비율,영업용 순자본 비율
mmda,금융감독원,재정경제부,MMDA,MMDA
ic카드,한국은행,금융감독원,IC카드,IC카드
cma,금융감독원,재정경제부,CMA,CMA
신종자본증권,한국은행,금융감독원,신종자본증권,신종자본증권
신용평가,금융감독원,재정경제부,신용평가,신용평가
신용파생상품,한국은행,금융감독원,신용파생상품,신용파생상품
신용파생상품,한국은행,재정경제부,신용파생상품,신용파생상품
신용공여한도제도,금융감독원,재정경제부,신용공여한도제도,신용공여한도제도
시장리스크,한국은행,금융감독원,시장리스크,시장리스크
시스템리스크,한국은행,금융감독원,시스템 리스크,시스템리스크
시스템리스크,한국은행,재정경제부,시스템 리스크,시스템리스크
승환계약,금융감독원,재정경제부,승환계약,승환계약
스왑,한국은행,금융감독원,스왑,스왑
순안정자금조달비율,한국은행,금융감독원,순안정자금조달비율,순안정자금조달비율
수지상등의원칙,금융감독원,재정경제부,수지상등의 원칙,수지상등의 원칙
사무장병원,금융감독원,재정경제부,사무장병원,사무장병원
4차산업혁명,한국은행,금융감독원,4차 산업혁명,4차 산업혁명
bis자기자본비율,한국은행,금융감독원,BIS 자기자본비율,BIS자기자본비율
bis자기자본비율,한국은행,재정경제부,BIS 자기자본비율,BIS 자기자본비율
블록체인,한국은행,금융감독원,블록체인,블록체인
볼커룰,한국은행,금융감독원,볼커룰,볼커룰
보증보험,금융감독원,재정경제부,보증보험,보증보험
변액보험,금융감독원,재정경제부,변액보험,변액보험
방카슈랑스,한국은행,금융감독원,방카슈랑스,방카슈랑스
모집,한국은행,금융감독원,모집,모집
리스크중심감독,금융감독원,재정경제부,리스크중심감독,리스크중심감독
로보어드바이저,한국은행,금융감독원,로보어드바이저,로보어드바이저
레그테크,한국은행,금융감독원,레그테크,레그테크
대환대출,금융감독원,재정경제부,대환대출,대환대출
대차거래,금융감독원,재정경제부,대차거래,대차거래
내부등급법,한국은행,금융감독원,내부등급법,내부등급법
기업구조조정촉진법,금융감독원,재정경제부,기업구조조정촉진법,기업구조조정촉진법
기업공개,한국은행,금융감독원,기업공개,기업공개
금전신탁,한국은행,금융감독원,금전신탁,금전신탁
금전신탁,한국은행,재정경제부,금전신탁,금전신탁
금융지주회사,한국은행,금융감독원,금융지주회사,금융지주회사
금융지주회사,한국은행,재정경제부,금융지주회사,금융지주회사
금융실명제,금융감독원,재정경제부,금융실명제,금융실명제
금융분쟁조정위원회,금융감독원,재정경제부,금융분쟁조정위원회,금융분쟁조정위원회
금리인하요구권,금융감독원,재정경제부,금리인하 요구권,금리인하 요구권
국제회계기준,한국은행,금융감독원,국제회계기준,국제회계기준
국제결제은행,금융감독원,재정경제부,국제결제은행,국제결제은행
구분계리,금융감독원,재정경제부,구분계리,구분계리
과당매매,금융감독원,재정경제부,과당매매,과당매매
공시이율,금융감독원,재정경제부,공시이율,공시이율
공매도,한국은행,금융감독원,공매도,공매도
공개매수,금융감독원,재정경제부,공개매수,공개매수
고정이하여신비율,한국은행,금융감독원,고정이하여신비율,고정이하여신비율
cds프리미엄,한국은행,재정경제부,CDS프리미엄,CDS 프리미엄
ftse지수,한국은행,재정경제부,FTSE 지수,FTSE지수
gdp갭,한국은행,재정경제부,GDP갭,GDP갭
gdp디플레이터,한국은행,재정경제부,GDP디플레이터,GDP디플레이터
varvalueatrisk,한국은행,재정경제부,VaR(Value at Risk),VaR(Value at Risk)
가교은행,한국은행,재정경제부,가교은행,가교은행
가산금리,한국은행,재정경제부,가산금리,가산금리
거시건전성정책,한국은행,재정경제부,거시건전성 정책,거시 건전성 정책
경기종합지수,한국은행,재정경제부,경기종합지수,경기종합지수
경상수지,한국은행,재정경제부,경상수지,경상수지
경제성장률,한국은행,재정경제부,경제성장률,경제성장률
경제후생지표,한국은행,재정경제부,경제후생지표,경제후생지표
고용률,한국은행,재정경제부,고용률,고용률
고정금리,한국은행,재정경제부,고정금리,고정금리
구독경제,한국은행,재정경제부,구독경제,구독경제
국가신용등급,한국은행,재정경제부,국가신용등급,국가신용등급
국가채무,한국은행,재정경제부,국가채무,국가채무
국민부담률,한국은행,재정경제부,국민부담률,국민부담률
국민총소득gni,한국은행,재정경제부,국민총소득(GNI),국민총소득(GNI)
국부펀드,한국은행,재정경제부,국부펀드,국부펀드
국외순수취요소소득,한국은행,재정경제부,국외순수취요소소득,국외 순수취 요소 소득
규제샌드박스,한국은행,재정경제부,규제 샌드박스,규제 샌드박스
금리자유화,한국은행,재정경제부,금리자유화,금리 자유화
금본위제,한국은행,재정경제부,금본위제,금본위제
금산분리,한국은행,재정경제부,금산분리,금산분리
금융채,한국은행,재정경제부,금융채,금융채
금융통화위원회,한국은행,재정경제부,금융통화위원회,금융통화위원회
기저효과,한국은행,재정경제부,기저효과,기저효과
기준금리,한국은행,재정경제부,기준금리,기준금리
기회비용,한국은행,재정경제부,기회비용,기회비용
긴축정책,한국은행,재정경제부,긴축정책,긴축정책
대출금출자전환,한국은행,재정경제부,대출금 출자전환,대출금출자전환
동남아시아국가연합asean,한국은행,재정경제부,동남아시아국가연합(ASEAN),동남아시아 국가연합(ASEAN)
동아시아외환위기,한국은행,재정경제부,동아시아 외환위기,동아시아 외환위기
듀레이션,한국은행,재정경제부,듀레이션,듀레이션
디레버리징,한국은행,재정경제부,디레버리징,디레버리징
디스인플레이션,한국은행,재정경제부,디스인플레이션,디스인플레이션
디플레이션,한국은행,재정경제부,디플레이션,디플레이션
레버리지효과,한국은행,재정경제부,레버리지 효과,레버리지 효과
로렌츠곡선,한국은행,재정경제부,로렌츠곡선,로렌츠곡선
리디노미네이션,한국은행,재정경제부,리디노미네이션,리디노미네이션
마진콜,한국은행,재정경제부,마진콜,마진콜
명목금리실질금리,한국은행,재정경제부,명목금리/실질금리,명목 금리 / 실질 금리
명목소득실질소득,한국은행,재정경제부,명목소득/실질소득,명목 소득 / 실질 소득
무디스,한국은행,재정경제부,무디스,무디스
보호무역주의,한국은행,재정경제부,보호무역주의,보호무역주의
복수통화바스켓제도,한국은행,재정경제부,복수통화바스켓제도,복수통화바스켓제도
본원통화,한국은행,재정경제부,본원통화,본원통화
부가가치,한국은행,재정경제부,부가가치,부가가치
분수효과,한국은행,재정경제부,분수효과,분수 효과
불태화정책,한국은행,재정경제부,불태화정책,불태화 정책
브렉시트brexit,한국은행,재정경제부,브렉시트(Brexit),브렉시트(Brexit)
비용인상인플레이션,한국은행,재정경제부,비용인상 인플레이션,비용 인상 인플레이션
빅맥지수,한국은행,재정경제부,빅맥지수,빅맥지수
사이드카,한국은행,재정경제부,사이드카,사이드카
사회보장제도,한국은행,재정경제부,사회보장제도,사회 보장 제도
사회보험,한국은행,재정경제부,사회보험,사회보험
상계관세,한국은행,재정경제부,상계관세,상계관세
상대적빈곤율,한국은행,재정경제부,상대적 빈곤율,상대적 빈곤율
생산자물가지수ppi,한국은행,재정경제부,생산자물가지수(PPI),생산자물가지수(PPI)
서킷브레이커,한국은행,재정경제부,서킷브레이커,서킷브레이커
선물거래,한국은행,재정경제부,선물거래,선물거래
세계무역기구wto,한국은행,재정경제부,세계무역기구(WTO),세계무역기구(WTO)
세계은행worldbank,한국은행,재정경제부,세계은행(World Bank),세계은행(World Bank)
소비의비가역성,한국은행,재정경제부,소비의 비가역성,소비의 비가역성
소비자심리지수,한국은행,재정경제부,소비자심리지수,소비자심리지수
속물효과스놉효과,한국은행,재정경제부,속물효과(스놉효과),속물효과(스놉효과)
수익률곡선,한국은행,재정경제부,수익률곡선,수익률곡선
수출입물가지수,한국은행,재정경제부,수출입물가지수,수출입물가지수
수쿠크,한국은행,재정경제부,수쿠크,수쿠크
스무딩오퍼레이션,한국은행,재정경제부,스무딩오퍼레이션,스무딩 오퍼레이션
스태그플레이션,한국은행,재정경제부,스태그플레이션,스태그플레이션
시장평균환율제도,한국은행,재정경제부,시장평균환율제도,시장 평균 환율 제도
신용창조,한국은행,재정경제부,신용창조,신용 창조
신용스프레드,한국은행,재정경제부,신용스프레드,신용스프레드
신재생에너지,한국은행,재정경제부,신·재생에너지,신재생에너지
실망실업자,한국은행,재정경제부,실망실업자,실망실업자
실업급여,재정경제부,재정경제부,실업 급여,실업급여
실업률,한국은행,재정경제부,실업률,실업률
실질임금,한국은행,재정경제부,실질임금,실질임금
아시아개발은행adb,한국은행,재정경제부,아시아개발은행(ADB),아시아개발은행(ADB)
엔젤투자angelinvestment,재정경제부,재정경제부,엔젤 투자(Angel investment),엔젤투자(angel investment)
여신전문금융회사,한국은행,재정경제부,여신전문금융회사,여신전문금융회사
역외펀드,한국은행,재정경제부,역외펀드,역외펀드
역전세,한국은행,재정경제부,역전세,역전세
예금보험제도,한국은행,재정경제부,예금보험제도,예금보험제도
예대율,한국은행,재정경제부,예대율,예대율
와타나베부인,한국은행,재정경제부,와타나베 부인,와타나베 부인
워크아웃,한국은행,재정경제부,워크아웃,워크아웃
원금이자분리채권strips,한국은행,재정경제부,원금이자분리채권(STRIPS),원금·이자분리채권(STRIPS)
유동성,한국은행,재정경제부,유동성,유동성
유럽부흥개발은행ebrd,한국은행,재정경제부,유럽부흥개발은행(EBRD),유럽부흥개발은행(EBRD)
이슬람금융,한국은행,재정경제부,이슬람금융,이슬람 금융
이표채,한국은행,재정경제부,이표채,이표채
익스포저,한국은행,재정경제부,익스포저,익스포저
일물일가의법칙,한국은행,재정경제부,일물일가의 법칙,일물일가의 법칙
자기자본비율,한국은행,재정경제부,자기자본비율,자기자본비율
자동안정화장치,한국은행,재정경제부,자동안정화장치,자동 안정화 장치
자연실업률,한국은행,재정경제부,자연실업률,자연 실업률
장외시장,한국은행,재정경제부,장외시장,장외시장
재정수지,한국은행,재정경제부,재정수지,재정수지
전자단기사채,한국은행,재정경제부,전자단기사채,전자단기사채
전자상거래,한국은행,재정경제부,전자상거래,전자상거래
전자어음,한국은행,재정경제부,전자어음,전자어음
전자화폐,한국은행,재정경제부,전자화폐,전자화폐
정보의비대칭성,한국은행,재정경제부,정보의 비대칭성,정보의 비대칭성
정부실패,한국은행,재정경제부,정부실패,정부실패
정크본드,한국은행,재정경제부,정크본드,정크본드
조세부담률,한국은행,재정경제부,조세부담률,조세부담률
주가지수선물거래,한국은행,재정경제부,주가지수선물거래,주가지수선물거래
중앙은행,한국은행,재정경제부,중앙은행,중앙은행
증거금,한국은행,재정경제부,증거금,증거금
지니계수,한국은행,재정경제부,지니계수,지니계수
채권시장안정펀드,한국은행,재정경제부,채권시장안정펀드,채권시장안정펀드
추가경정예산,한국은행,재정경제부,추가경정예산,추가경정예산
추심,한국은행,재정경제부,추심,추심
치킨게임,한국은행,재정경제부,치킨게임,치킨 게임
캐즘chasm,한국은행,재정경제부,캐즘(Chasm),캐즘(Chasm)
콜시장,한국은행,재정경제부,콜시장,콜시장
탄소배출권,한국은행,재정경제부,탄소배출권,탄소배출권
통상임금,한국은행,재정경제부,통상임금,통상임금
통화스왑,한국은행,재정경제부,통화스왑,통화스왑
통화승수,한국은행,재정경제부,통화승수,통화승수
통화유통속도,한국은행,재정경제부,통화유통속도,통화유통속도
통화정책,한국은행,재정경제부,통화정책,통화정책
투자은행,한국은행,재정경제부,투자은행,투자은행
프로젝트파이낸싱,한국은행,재정경제부,프로젝트 파이낸싱,프로젝트 파이낸싱
피셔효과,한국은행,재정경제부,피셔효과,피셔 효과
필립스곡선,한국은행,재정경제부,필립스곡선,필립스곡선
한계소비성향,한국은행,재정경제부,한계소비성향,한계 소비 성향
환리스크,한국은행,재정경제부,환리스크,환리스크
환어음,한국은행,재정경제부,환어음,환어음
회사채,한국은행,재정경제부,회사채,회사채
